Dataset_No,Pair_Index,Starting_City_Agent1,Starting_City_Agent2,Agent1_Path,Agent2_Path,Agent1_Benefit,Agent2_Benefit,Agent1_Cost,Agent2_Cost,Agent1_Payoff,Agent2_Payoff,Total_Benefit,Total_Payoff,Average_Payoff,Agent1_City_Count,Agent2_City_Count,Agent1_Timestamps,Agent2_Timestamps
1,1,1,2,"1, 4, 5, 9,10,11,13,16,17,18","2, 3, 6, 7, 8,12,14,15,19,20",1500,1500,78,80.518,1422,1419.482,3000,2841.482,1420.741,10,10,"0,21,63,75,142.1,201.7,239.9,289.1,315.9,342,390","0,53,91,108,168,192,215,263,312.2,344.59,402.59"
1,2,1,3,"1, 2, 6, 7, 9,10,11,13,16,17,18","3, 4, 5, 8,12,14,15,19,20",1650,1350,100,76.118,1550,1273.882,3000,2823.882,1411.941,11,9,"0,97,126,143,185,252.1,311.7,349.9,399.1,425.9,452,500","0,67,109,176,200,223,271,320.2,352.59,380.59"
1,3,1,4,"1, 2, 3, 5, 6, 7,10,12,14,15,19,20","4, 8, 9,11,13,16,17,18",1800,1200,115.118,65.96,1684.882,1134.04,3000,2818.922,1409.461,12,8,"0,97,150,201,235,252,279,344,367,415,464.2,496.59,575.59","0,54,132,152.5,190.7,239.9,266.7,292.8,329.8"
1,4,1,5,"1, 2, 3, 4, 8, 9,11,13,14,15,19,20","5, 6, 7,10,12,16,17,18",1800,1200,137.058,46.06,1662.942,1153.94,3000,2816.882,1408.441,12,8,"0,97,150,217,271,349,369.5,407.7,476.7,524.7,573.9,606.29,685.29","0,34,51,78,143,165.4,192.2,218.3,230.3"
1,5,1,6,"1, 2, 3, 4, 5, 9,12,14,15,19,20","6, 7, 8,10,11,13,16,17,18",1650,1350,111.518,79.08,1538.482,1270.92,3000,2809.402,1404.701,11,9,"0,97,150,217,259,271,326,349,397,446.2,478.59,557.59","0,17,77,149.5,209.1,247.3,296.5,323.3,349.4,395.4"
1,6,1,7,"1, 2, 3, 4, 5, 6, 9,11,13,16,17,18","7, 8,10,12,14,15,19,20",1800,1200,106.36,78.018,1693.64,1121.982,3000,2815.622,1407.811,12,8,"0,97,150,217,259,293,323,343.5,381.7,430.9,457.7,483.8,531.8","0,60,132.5,197.5,220.5,268.5,317.7,350.09,390.09"
1,7,1,8,"1, 2, 3, 4, 5, 6, 7, 9,11,13,18","8,10,12,14,15,16,17,19,20",1650,1350,96.42,92.118,1553.58,1257.882,3000,2811.462,1405.731,11,9,"0,97,150,217,259,293,310,352,372.5,410.7,434.1,482.1","0,72.5,137.5,160.5,208.5,283.3,310.1,371.2,403.59,460.59"
1,8,1,9,"1, 4, 5, 8,10,11,13,16,17,18","9, 2, 3, 6, 7,12,14,15,19,20",1500,1500,90.08,88.518,1409.92,1411.482,3000,2821.402,1410.701,10,10,"0,21,63,130,202.5,262.1,300.3,349.5,376.3,402.4,450.4","0,56,109,147,164,209,232,280,329.2,361.59,442.59"
1,9,1,10,"1, 2, 3, 4, 5, 6, 7, 8, 9,11,13,16,17,18,19,20","10,12,14,15",2400,600,161.438,35.84,2238.562,564.16,3000,2802.722,1401.361,16,4,"0,97,150,217,259,293,310,370,448,468.5,506.7,555.9,582.7,608.8,695.8,728.19,807.19","0,65,88,136,179.2"
1,10,1,11,"1, 2, 3, 4, 5, 6, 7, 8, 9,10,13,16,17,18","11,12,14,15,19,20",2100,900,151.44,59.998,1948.56,840.002,3000,2788.562,1394.281,14,6,"0,97,150,217,259,293,310,370,448,515.1,607.1,656.3,683.1,709.2,757.2","0,68,91,139,188.2,220.59,299.99"
1,11,1,12,"1, 4, 5, 9,10,11,14,15,20","12, 2, 3, 6, 7, 8,13,16,17,18,19",1350,1650,79.946,121.48,1270.054,1528.52,3000,2798.574,1399.287,9,11,"0,21,63,75,142.1,201.7,255.7,303.7,320.73,399.73","0,80,133,171,188,248,343.3,392.5,419.3,445.4,532.4,607.4"
1,12,1,13,"1, 4, 5, 6, 7,10,12,14,16,17,18","13, 2, 3, 8, 9,11,15,19,20",1650,1350,71.48,110.418,1578.52,1239.582,3000,2818.102,1409.051,11,9,"0,21,63,97,114,141,206,229,256.5,283.3,309.4,357.4","0,78,131,173,251,271.5,364.5,413.7,446.09,552.09"
1,13,1,14,"1, 4, 5, 9,10,11,13,16","14, 2, 3, 6, 7, 8,12,15,17,18,19,20",1200,1800,63.42,115.058,1136.58,1684.942,3000,2821.522,1410.761,8,12,"0,21,63,75,142.1,201.7,239.9,289.1,317.1","0,58,111,149,166,226,250,310,387.8,413.9,500.9,533.29,575.29"
1,14,1,15,"1, 4, 5, 6, 7, 9,11,13,16,17,18","15, 2, 3, 8,10,12,14,19,20",1650,1350,72.96,86.458,1577.04,1263.542,3000,2840.582,1420.291,11,9,"0,21,63,97,114,156,176.5,214.7,263.9,290.7,316.8,364.8","0,75,128,170,242.5,307.5,330.5,382.9,415.29,432.29"
1,15,1,16,"1, 4, 5, 7, 8,12,14,15,20","16, 2, 3, 6, 9,10,11,13,17,18,19",1350,1650,71.006,117.22,1278.994,1532.78,3000,2811.774,1405.887,9,11,"0,21,63,104,164,188,211,259,276.03,355.03","0,72,125,163,193,260.1,319.7,357.9,397.3,423.4,510.4,586.1"
1,16,1,17,"1, 4, 5, 6, 7,10,12","17, 2, 3, 8, 9,11,13,14,15,16,18,19,20",1050,1950,45.4,183.898,1004.6,1766.102,3000,2770.702,1385.351,7,13,"0,21,63,97,114,141,206,227","0,49,102,144,222,242.5,280.7,349.7,397.7,472.5,733.5,820.5,852.89,919.49"
1,17,1,18,"1, 4, 5, 9,11,13,15,20","18, 2, 3, 6, 7, 8,10,12,14,16,17,19",1200,1800,69.346,120.98,1130.654,1679.02,3000,2809.674,1404.837,8,12,"0,21,63,75,95.5,133.7,250.7,267.73,346.73","0,74,127,165,182,242,314.5,379.5,402.5,430,456.8,517.9,604.9"
1,18,1,19,"1, 4, 5, 9,11,13,16,17,18","19, 2, 3, 6, 7, 8,10,12,14,15,20",1350,1650,56.76,91.186,1293.24,1558.814,3000,2852.054,1426.027,9,11,"0,21,63,75,95.5,133.7,182.9,209.7,235.8,283.8","0,30,83,121,138,198,270.5,335.5,358.5,406.5,423.53,455.93"
1,19,1,20,"1, 4, 5, 9,10,11,13,16,17,18","20, 2, 3, 6, 7, 8,12,14,15,19",1500,1500,78,80.518,1422,1419.482,3000,2841.482,1420.741,10,10,"0,21,63,75,142.1,201.7,239.9,289.1,315.9,342,390","0,58,111,149,166,226,250,273,321,370.2,402.59"
1,20,2,1,"2, 3, 6, 7, 8,12,14,15,19,20","1, 4, 5, 9,10,11,13,16,17,18",1500,1500,80.518,78,1419.482,1422,3000,2841.482,1420.741,10,10,"0,53,91,108,168,192,215,263,312.2,344.59,402.59","0,21,63,75,142.1,201.7,239.9,289.1,315.9,342,390"
1,21,2,3,"2, 5, 6, 7, 9,10,11,13,14,15,19,20","3, 1, 4, 8,12,16,17,18",1800,1200,115.298,58.26,1684.702,1141.74,3000,2826.442,1413.221,12,8,"0,62,96,113,155,222.1,281.7,319.9,388.9,436.9,486.1,518.49,576.49","0,55,76,130,154,176.4,203.2,229.3,291.3"
1,22,2,4,"2, 3, 6, 7, 8,10,12,14,15,19,20","4, 1, 5, 9,11,13,16,17,18",1650,1350,103.218,55.96,1546.782,1294.04,3000,2840.822,1420.411,11,9,"0,53,91,108,168,240.5,305.5,328.5,376.5,425.7,458.09,516.09","0,21,70,82,102.5,140.7,189.9,216.7,242.8,279.8"
1,23,2,5,"2, 3, 6, 7, 8,10,12,14,15,19,20","5, 1, 4, 9,11,13,16,17,18",1650,1350,103.218,59.36,1546.782,1290.64,3000,2837.422,1418.711,11,9,"0,53,91,108,168,240.5,305.5,328.5,376.5,425.7,458.09,516.09","0,49,70,124,144.5,182.7,231.9,258.7,284.8,296.8"
1,24,2,6,"2, 3, 8,10,12,14,15,19,20","6, 1, 4, 5, 7, 9,11,13,16,17,18",1350,1650,88.618,84.56,1261.382,1565.44,3000,2826.822,1413.411,9,11,"0,53,95,167.5,232.5,255.5,303.5,352.7,385.09,443.09","0,70,91,133,174,216,236.5,274.7,323.9,350.7,376.8,422.8"
1,25,2,7,"2, 3, 8,10,12,14,15,19,20","7, 1, 4, 5, 6, 9,11,13,16,17,18",1350,1650,88.618,80.56,1261.382,1569.44,3000,2830.822,1415.411,9,11,"0,53,95,167.5,232.5,255.5,303.5,352.7,385.09,443.09","0,63,84,126,160,190,210.5,248.7,297.9,324.7,350.8,402.8"
1,26,2,8,"2, 3,10,12,14,15,19,20","8, 1, 4, 5, 6, 7, 9,11,13,16,17,18",1200,1800,71.958,84.36,1128.042,1715.64,3000,2843.682,1421.841,8,12,"0,53,84.2,149.2,172.2,220.2,269.4,301.79,359.79","0,33,54,96,130,147,189,209.5,247.7,296.9,323.7,349.8,421.8"
1,27,2,9,"2, 3, 6, 7, 8,12,14,15,16,17,19,20","9, 1, 4, 5,10,11,13,18",1800,1200,103.218,66.34,1696.782,1133.66,3000,2830.442,1415.221,12,8,"0,53,91,108,168,192,215,263,337.8,364.6,425.7,458.09,516.09","0,61,82,124,191.5,251.1,289.3,312.7,331.7"
1,28,2,10,"2, 3, 6, 7, 8,12,14,15,19,20","10, 1, 4, 5, 9,11,13,16,17,18",1500,1500,80.518,80.04,1419.482,1419.96,3000,2839.442,1419.721,10,10,"0,53,91,108,168,192,215,263,312.2,344.59,402.59","0,85,106,148,160,180.5,218.7,267.9,294.7,320.8,400.2"
1,29,2,11,"2, 3, 7, 8,12,14,15,19,20","11, 1, 4, 5, 6, 9,10,13,16,17,18",1350,1650,73.718,101.18,1276.282,1548.82,3000,2825.102,1412.551,9,11,"0,53,74,134,158,181,229,278.2,310.59,368.59","0,78,99,141,175,205,272.1,364.1,413.3,440.1,466.2,505.9"
1,30,2,12,"2, 3, 6, 7, 9,10,11,13,16,17,18,19","12, 1, 4, 5, 8,14,15,20",1800,1200,106.8,62.606,1693.2,1137.394,3000,2830.594,1415.297,12,8,"0,53,91,108,150,217.1,276.7,314.9,364.1,390.9,417,504,534","0,21,42,84,151,189,237,254.03,313.03"
1,31,2,13,"2, 3, 6, 7, 8,10,12,14,15,19,20","13, 1, 4, 5, 9,11,16,17,18",1650,1350,103.218,58.68,1546.782,1291.32,3000,2838.102,1419.051,11,9,"0,53,91,108,168,240.5,305.5,328.5,376.5,425.7,458.09,516.09","0,71,92,134,146,166.5,217.1,243.9,270,293.4"
1,32,2,14,"2, 3, 6, 7, 8,12,15,19,20","14, 1, 4, 5, 9,10,11,13,16,17,18",1350,1650,78.318,86.8,1271.682,1563.2,3000,2834.882,1417.441,9,11,"0,53,91,108,168,192,252,301.2,333.59,391.59","0,43,64,106,118,185.1,244.7,282.9,332.1,358.9,385,434"
1,33,2,15,"2, 3, 8,10,12,16,17,18,19","15, 1, 4, 5, 6, 7, 9,11,13,14,20",1350,1650,84.96,84.258,1265.04,1565.742,3000,2830.782,1415.391,9,11,"0,53,95,167.5,232.5,254.9,281.7,307.8,394.8,424.8","0,79,100,142,176,193,235,255.5,293.7,362.7,404.29,421.29"
1,34,2,16,"2, 3, 5, 6, 7,10,12,14,15,19,20","16, 1, 4, 8, 9,11,13,17,18",1650,1350,91.518,66.26,1558.482,1283.74,3000,2842.222,1421.111,11,9,"0,53,104,138,155,182,247,270,318,367.2,399.59,457.59","0,28,49,103,181,201.5,239.7,279.1,305.2,331.3"
1,35,2,17,"2, 3, 6, 7, 8,10,12,15,19,20","17, 1, 4, 5, 9,11,13,14,16,18",1500,1500,101.018,114.46,1398.982,1385.54,3000,2784.522,1392.261,10,10,"0,53,91,108,168,240.5,305.5,365.5,414.7,447.09,505.09","0,55,76,118,130,150.5,188.7,257.7,285.2,546.2,572.3"
1,36,2,18,"2, 3, 8,12,14,15,19,20","18, 1, 4, 5, 6, 7, 9,10,11,13,16,17",1200,1800,65.918,94.2,1134.082,1705.8,3000,2839.882,1419.941,8,12,"0,53,95,119,142,190,239.2,271.59,329.59","0,48,69,111,145,162,204,271.1,330.7,368.9,418.1,444.9,471"
1,37,2,19,"2, 3, 8,12,16,17,18","19, 1, 4, 5, 6, 7, 9,10,11,13,14,15,20",1050,1950,53.66,116.466,996.34,1833.534,3000,2829.874,1414.937,7,13,"0,53,95,119,141.4,168.2,194.3,268.3","0,95,116,158,192,209,251,318.1,377.7,415.9,484.9,532.9,549.93,582.33"
1,38,2,20,"2, 3, 8,12,16,17,18,19","20, 1, 4, 5, 6, 7, 9,10,11,13,14,15",1200,1800,62.26,106.786,1137.74,1693.214,3000,2830.954,1415.477,8,12,"0,53,95,119,141.4,168.2,194.3,281.3,311.3","0,79,100,142,176,193,235,302.1,361.7,399.9,468.9,516.9,533.93"
1,39,3,1,"3, 6, 7, 8,12,14,15,19,20","1, 2, 4, 5, 9,10,11,13,16,17,18",1350,1650,63.918,113.2,1286.082,1536.8,3000,2822.882,1411.441,9,11,"0,38,55,115,139,162,210,259.2,291.59,319.59","0,97,197,239,251,318.1,377.7,415.9,465.1,491.9,518,566"
1,40,3,2,"3, 1, 4, 5, 7, 8,12,15,20","2, 6, 9,10,11,13,14,16,17,18,19",1350,1650,69.606,98.06,1280.394,1551.94,3000,2832.334,1416.167,9,11,"0,55,76,118,159,219,243,303,320.03,348.03","0,29,59,126.1,185.7,223.9,292.9,320.4,347.2,373.3,460.3,490.3"
1,41,3,4,"3, 8,12,14,15,16,17,19,20","4, 1, 2, 5, 6, 7, 9,10,11,13,18",1350,1650,72.018,99.66,1277.982,1550.34,3000,2828.322,1414.161,9,11,"0,42,66,89,137,211.8,238.6,299.7,332.09,360.09","0,21,118,180,214,231,273,340.1,399.7,437.9,461.3,498.3"
1,42,3,5,"3, 6, 7, 8,12,14,15,19,20","5, 1, 2, 4, 9,10,11,13,16,17,18",1350,1650,63.918,115.8,1286.082,1534.2,3000,2820.282,1410.141,9,11,"0,38,55,115,139,162,210,259.2,291.59,319.59","0,49,146,246,300,367.1,426.7,464.9,514.1,540.9,567,579"
1,43,3,6,"3, 4, 5, 8,12","6, 1, 2, 7, 9,10,11,13,14,15,16,17,18,19,20",750,2250,46.8,165.998,703.2,2084.002,3000,2787.202,1393.601,5,15,"0,67,109,176,200,234","0,70,167,202,244,311.1,370.7,408.9,477.9,525.9,600.7,627.5,653.6,740.6,772.99,829.99"
1,44,3,7,"3, 4, 5, 9,10,11,13,17,18,19,20","7, 1, 2, 6, 8,12,14,15,16",1650,1350,99.758,94.76,1550.242,1255.24,3000,2805.482,1402.741,11,9,"0,67,109,121,188.1,247.7,285.9,325.3,351.4,438.4,470.79,498.79","0,63,160,189,263,287,310,358,432.8,473.8"
1,45,3,8,"3, 4, 5, 9,10,11,13,16,17,18,19","8, 1, 2, 6, 7,12,14,15,20",1650,1350,103.2,73.206,1546.8,1276.794,3000,2823.594,1411.797,11,9,"0,67,109,121,188.1,247.7,285.9,335.1,361.9,388,475,516","0,33,130,159,176,221,244,292,309.03,366.03"
1,46,3,9,"3, 6, 7, 8,12,14,15,19,20","9, 1, 2, 4, 5,10,11,13,16,17,18",1350,1650,63.918,117.28,1286.082,1532.72,3000,2818.802,1409.401,9,11,"0,38,55,115,139,162,210,259.2,291.59,319.59","0,61,158,258,300,367.5,427.1,465.3,514.5,541.3,567.4,586.4"
1,47,3,10,"3, 5, 6, 7, 9,11,13,14,15,19,20","10, 1, 2, 4, 8,12,16,17,18",1650,1350,85.858,102.94,1564.142,1247.06,3000,2811.202,1405.601,11,9,"0,51,85,102,144,164.5,202.7,271.7,319.7,368.9,401.29,429.29","0,85,182,282,336,360,382.4,409.2,435.3,514.7"
1,48,3,11,"3, 4, 5, 9,12,16,17,18,19","11, 1, 2, 6, 7, 8,10,13,14,15,20",1350,1650,75.86,131.786,1274.14,1518.214,3000,2792.354,1396.177,9,11,"0,67,109,121,176,198.4,225.2,251.3,338.3,379.3","0,78,175,204,221,281,353.5,445.5,514.5,562.5,579.53,658.93"
1,49,3,12,"3, 4, 5, 9,10,11,13,14,15,19,20","12, 1, 2, 6, 7, 8,16,17,18",1650,1350,102.498,74.2,1547.502,1275.8,3000,2823.302,1411.651,11,9,"0,67,109,121,188.1,247.7,285.9,354.9,402.9,452.1,484.49,512.49","0,21,118,147,164,224,270.1,296.9,323,371"
1,50,3,13,"3, 4, 5, 6, 7, 8,12,14,15,19,20","13, 1, 2, 9,10,11,16,17,18",1650,1350,84.918,95.52,1565.082,1254.48,3000,2819.562,1409.781,11,9,"0,67,109,143,160,220,244,267,315,364.2,396.59,424.59","0,71,168,224,291.1,350.7,401.3,428.1,454.2,477.6"
1,51,3,14,"3, 4, 5, 9,10,11,13,17,18,19,20","14, 1, 2, 6, 7, 8,12,15,16",1650,1350,99.758,86.36,1550.242,1263.64,3000,2813.882,1406.941,11,9,"0,67,109,121,188.1,247.7,285.9,325.3,351.4,438.4,470.79,498.79","0,43,140,169,186,246,270,330,404.8,431.8"
1,52,3,15,"3, 4, 5, 8, 9,11,13,16,17,18","15, 1, 2, 6, 7,10,12,14,19,20",1500,1500,95.36,87.758,1404.64,1412.242,3000,2816.882,1408.441,10,10,"0,67,109,176,254,274.5,312.7,361.9,388.7,414.8,476.8","0,79,176,205,222,249,314,337,389.4,421.79,438.79"
1,53,3,16,"3, 6, 7, 8,10,12,14,15,19,20","16, 1, 2, 4, 5, 9,11,13,17,18",1500,1500,86.618,85.86,1413.382,1414.14,3000,2827.522,1413.761,10,10,"0,38,55,115,187.5,252.5,275.5,323.5,372.7,405.09,433.09","0,28,125,225,267,279,299.5,337.7,377.1,403.2,429.3"
1,54,3,17,"3, 6, 7, 8,12,14,15,20","17, 1, 2, 4, 5, 9,10,11,13,16,18,19",1200,1800,51.006,185.84,1148.994,1614.16,3000,2763.154,1381.577,8,12,"0,38,55,115,139,162,210,227.03,255.03","0,55,152,252,294,306,373.1,432.7,470.9,520.1,781.1,868.1,929.2"
1,55,3,18,"3, 4, 5, 6, 7,10,12,14,15,19,20","18, 1, 2, 8, 9,11,13,16,17",1650,1350,86.518,95.76,1563.482,1254.24,3000,2817.722,1408.861,11,9,"0,67,109,143,160,187,252,275,323,372.2,404.59,432.59","0,48,145,240,318,338.5,376.7,425.9,452.7,478.8"
1,56,3,19,"3, 6, 7, 8,10,12,14,15","19, 1, 2, 4, 5, 9,11,13,16,17,18,20",1200,1800,71.9,125.594,1128.1,1674.406,3000,2802.506,1401.253,8,12,"0,38,55,115,187.5,252.5,275.5,323.5,359.5","0,95,192,292,334,346,366.5,404.7,453.9,480.7,506.8,595.57,627.97"
1,57,3,20,"3, 4, 5, 9,13,16,17,18,19","20, 1, 2, 6, 7, 8,10,11,12,14,15",1350,1650,75.24,114.026,1274.76,1535.974,3000,2810.734,1405.367,9,11,"0,67,109,121,146.1,195.3,222.1,248.2,335.2,376.2","0,79,176,205,222,282,354.5,414.1,482.1,505.1,553.1,570.13"
1,58,4,1,"4, 5, 9,13,16,17,18","1, 2, 3, 6, 7, 8,10,11,12,14,15,19,20",1050,1950,43.64,139.338,1006.36,1810.662,3000,2817.022,1408.511,7,13,"0,42,54,79.1,128.3,155.1,181.2,218.2","0,97,150,188,205,265,337.5,397.1,465.1,488.1,536.1,585.3,617.69,696.69"
1,59,4,2,"4, 1, 5, 9,10,11,13,16,17,18","2, 3, 6, 7, 8,12,14,15,19,20",1500,1500,77.2,80.518,1422.8,1419.482,3000,2842.282,1421.141,10,10,"0,21,70,82,149.1,208.7,246.9,296.1,322.9,349,386","0,53,91,108,168,192,215,263,312.2,344.59,402.59"
1,60,4,3,"4, 5, 9,11,13,16,17,18","3, 1, 2, 6, 7, 8,10,12,14,15,19,20",1200,1800,50.36,115.218,1149.64,1684.782,3000,2834.422,1417.211,8,12,"0,42,54,74.5,112.7,161.9,188.7,214.8,251.8","0,55,152,181,198,258,330.5,395.5,418.5,466.5,515.7,548.09,576.09"
1,61,4,5,"4, 1, 2, 3, 8, 9,11,13,14,15,19,20","5, 6, 7,10,12,16,17,18",1800,1200,128.458,46.06,1671.542,1153.94,3000,2825.482,1412.741,12,8,"0,21,118,171,213,291,311.5,349.7,418.7,466.7,515.9,548.29,642.29","0,34,51,78,143,165.4,192.2,218.3,230.3"
1,62,4,6,"4, 5, 9,11,13,14,16,17,18","6, 1, 2, 3, 7, 8,10,12,15,19,20",1350,1650,59.82,127.418,1290.18,1522.582,3000,2812.762,1406.381,9,11,"0,42,54,74.5,112.7,181.7,209.2,236,262.1,299.1","0,70,167,220,241,301,373.5,438.5,498.5,547.7,580.09,637.09"
1,63,4,7,"4, 5, 9,10,11,13,17,18","7, 1, 2, 3, 6, 8,12,14,15,16,19,20",1200,1800,64.28,128.578,1135.72,1671.422,3000,2807.142,1403.571,8,12,"0,42,54,121.1,180.7,218.9,258.3,284.4,321.4","0,63,160,213,251,325,349,372,420,494.8,570.5,602.89,642.89"
1,64,4,8,"4, 1, 2, 3, 5, 6, 7,10,11,13,16,17,18","8, 9,12,14,15,19,20",1950,1050,107.38,68.518,1842.62,981.482,3000,2824.102,1412.051,13,7,"0,21,118,171,222,256,273,300,359.6,397.8,447,473.8,499.9,536.9","0,78,133,156,204,253.2,285.59,342.59"
1,65,4,9,"4, 5, 8,10,12,14,16,17,18","9, 1, 2, 3, 6, 7,11,13,15,19,20",1350,1650,77.38,124.698,1272.62,1525.302,3000,2797.922,1398.961,9,11,"0,42,109,181.5,246.5,269.5,297,323.8,349.9,386.9","0,61,158,211,249,266,305.7,343.9,460.9,510.1,542.49,623.49"
1,66,4,10,"4, 5, 9,12,14,15,16,17,19,20","10, 1, 2, 3, 6, 7, 8,11,13,18",1500,1500,93.818,116.2,1406.182,1383.8,3000,2789.982,1394.991,10,10,"0,42,54,109,132,180,254.8,281.6,342.7,375.09,469.09","0,85,182,235,273,290,350,440,478.2,501.6,581"
1,67,4,11,"4, 5, 6, 7, 8,10,12,16,17,18","11, 1, 2, 3, 9,13,14,15,19,20",1500,1500,80.56,117.618,1419.44,1382.382,3000,2801.822,1400.911,10,10,"0,42,76,93,153,225.5,290.5,312.9,339.7,365.8,402.8","0,78,175,228,285,310.1,379.1,427.1,476.3,508.69,588.09"
1,68,4,12,"4, 5, 9,10,11,16,17,18","12, 1, 2, 3, 6, 7, 8,13,14,15,19,20",1200,1800,64.24,127.778,1135.76,1672.222,3000,2807.982,1403.991,8,12,"0,42,54,121.1,180.7,231.3,258.1,284.2,321.2","0,21,118,171,209,226,286,381.3,450.3,498.3,547.5,579.89,638.89"
1,69,4,13,"4, 5, 6, 7,10,12,16,17,18","13, 1, 2, 3, 8, 9,11,14,15,19,20",1350,1650,59.46,130.218,1290.54,1519.782,3000,2810.322,1405.161,9,11,"0,42,76,93,120,185,207.4,234.2,260.3,297.3","0,71,168,221,263,341,361.5,415.5,463.5,512.7,545.09,651.09"
1,70,4,14,"4, 5, 6, 7, 9,11,13,18","14, 1, 2, 3, 8,10,12,15,16,17,19,20",1200,1800,50.82,133.918,1149.18,1666.082,3000,2815.262,1407.631,8,12,"0,42,76,93,135,155.5,193.7,217.1,254.1","0,43,140,193,235,307.5,372.5,432.5,507.3,534.1,595.2,627.59,669.59"
1,71,4,15,"4, 5, 9,11,13,17,18,19,20","15, 1, 2, 3, 6, 7, 8,10,12,14,16",1350,1650,78.318,121.4,1271.682,1528.6,3000,2800.282,1400.141,9,11,"0,42,54,74.5,112.7,152.1,178.2,265.2,297.59,391.59","0,79,176,229,267,284,344,416.5,481.5,504.5,532,607"
1,72,4,16,"4, 5, 9,10,11,13,18","16, 1, 2, 3, 6, 7, 8,12,14,15,17,19,20",1050,1950,55.86,125.678,994.14,1824.322,3000,2818.462,1409.231,7,13,"0,42,54,121.1,180.7,218.9,242.3,279.3","0,28,125,178,216,233,293,317,340,388,465.8,526.9,559.29,628.39"
1,73,4,17,"4, 5, 6, 7,10,12,14,15,16","17, 1, 2, 3, 8, 9,11,13,18,19,20",1350,1650,71.96,118.618,1278.04,1531.382,3000,2809.422,1404.711,9,11,"0,42,76,93,120,185,208,256,330.8,359.8","0,55,152,205,247,325,345.5,383.7,407.1,494.1,526.49,593.09"
1,74,4,18,"4, 5, 9,10,11,13,14,15,19,20","18, 1, 2, 3, 6, 7, 8,12,16,17",1500,1500,102.298,82.46,1397.702,1417.54,3000,2815.242,1407.621,10,10,"0,42,54,121.1,180.7,218.9,287.9,335.9,385.1,417.49,511.49","0,48,145,198,236,253,313,337,359.4,386.2,412.3"
1,75,4,19,"4, 8, 9,11,13,18","19, 1, 2, 3, 5, 6, 7,10,12,14,15,16,17,20",900,2100,50.22,142.114,849.78,1957.886,3000,2807.666,1403.833,6,14,"0,54,132,152.5,190.7,214.1,251.1","0,95,192,245,296,330,347,374,439,462,510,584.8,611.6,678.17,710.57"
1,76,4,20,"4, 5, 6, 7, 9,11,13,16,17,18","20, 1, 2, 3, 8,10,12,14,15,19",1500,1500,66.56,112.218,1433.44,1387.782,3000,2821.222,1410.611,10,10,"0,42,76,93,135,155.5,193.7,242.9,269.7,295.8,332.8","0,79,176,229,271,343.5,408.5,431.5,479.5,528.7,561.09"
1,77,5,1,"5, 6, 7,10,12,16,17,18","1, 2, 3, 4, 8, 9,11,13,14,15,19,20",1200,1800,46.06,137.058,1153.94,1662.942,3000,2816.882,1408.441,8,12,"0,34,51,78,143,165.4,192.2,218.3,230.3","0,97,150,217,271,349,369.5,407.7,476.7,524.7,573.9,606.29,685.29"
1,78,5,2,"5, 1, 4, 6, 7, 8, 9,11,13,16,17,18","2, 3,10,12,14,15,19,20",1800,1200,93.96,71.958,1706.04,1128.042,3000,2834.082,1417.041,12,8,"0,49,70,142,159,219,297,317.5,355.7,404.9,431.7,457.8,469.8","0,53,84.2,149.2,172.2,220.2,269.4,301.79,359.79"
1,79,5,3,"5, 1, 2, 4, 9,10,11,13,14,16,17,18","3, 6, 7, 8,12,15,19,20",1800,1200,125.26,61.718,1674.74,1138.282,3000,2813.022,1406.511,12,8,"0,49,146,246,300,367.1,426.7,464.9,533.9,561.4,588.2,614.3,626.3","0,38,55,115,139,199,248.2,280.59,308.59"
1,80,5,4,"5, 1, 2, 3, 6, 7,10,12,14,15,19,20","4, 8, 9,11,13,16,17,18",1800,1200,115.318,65.96,1684.682,1134.04,3000,2818.722,1409.361,12,8,"0,49,146,199,237,254,281,346,369,417,466.2,498.59,576.59","0,54,132,152.5,190.7,239.9,266.7,292.8,329.8"
1,81,5,6,"5, 1, 2, 3, 4, 9,10,11,13,18,19,20","6, 7, 8,12,14,15,16,17",1800,1200,141.138,58.72,1658.862,1141.28,3000,2800.142,1400.071,12,8,"0,49,146,199,266,320,387.1,446.7,484.9,508.3,595.3,627.69,705.69","0,17,77,101,124,172,246.8,273.6,293.6"
1,82,5,7,"5, 9,10,11,13,16,17,18","7, 1, 2, 3, 4, 6, 8,12,14,15,19,20",1200,1800,58.2,128.518,1141.8,1671.482,3000,2813.282,1406.641,8,12,"0,12,79.1,138.7,176.9,226.1,252.9,279,291","0,63,160,213,280,352,426,450,473,521,570.2,602.59,642.59"
1,83,5,8,"5, 6, 7,10,12,16,17,18","8, 1, 2, 3, 4, 9,11,13,14,15,19,20",1200,1800,46.06,123.658,1153.94,1676.342,3000,2830.282,1415.141,8,12,"0,34,51,78,143,165.4,192.2,218.3,230.3","0,33,130,183,250,304,324.5,362.7,431.7,479.7,528.9,561.29,618.29"
1,84,5,9,"5, 1, 2, 3, 4, 6, 7, 8,10,11,13,19,20","9,12,14,15,16,17,18",1950,1050,158.738,54.54,1791.262,995.46,3000,2786.722,1393.361,13,7,"0,49,146,199,266,338,355,415,487.5,547.1,585.3,683.3,715.69,793.69","0,55,78,126,200.8,227.6,253.7,272.7"
1,85,5,10,"5, 6, 7, 9,11,13,16,17,18","10, 1, 2, 3, 4, 8,12,14,15,19,20",1350,1650,53.16,111.758,1296.84,1538.242,3000,2835.082,1417.541,9,11,"0,34,51,93,113.5,151.7,200.9,227.7,253.8,265.8","0,85,182,235,302,356,380,403,451,500.2,532.59,558.79"
1,86,5,11,"5, 6, 7,10,12,16,17,18","11, 1, 2, 3, 4, 8, 9,13,14,15,19,20",1200,1800,46.06,146.018,1153.94,1653.982,3000,2807.922,1403.961,8,12,"0,34,51,78,143,165.4,192.2,218.3,230.3","0,78,175,228,295,349,427,452.1,521.1,569.1,618.3,650.69,730.09"
1,87,5,12,"5, 6, 7, 9,10,11,13,16,17,18","12, 1, 2, 3, 4, 8,14,15,19,20",1500,1500,74.4,103.718,1425.6,1396.282,3000,2821.882,1410.941,10,10,"0,34,51,93,160.1,219.7,257.9,307.1,333.9,360,372","0,21,118,171,238,292,330,378,427.2,459.59,518.59"
1,88,5,13,"5, 6, 7, 8,12,14,17,18,19,20","13, 1, 2, 3, 4, 9,10,11,15,16",1500,1500,82.818,137.14,1417.182,1362.86,3000,2780.042,1390.021,10,10,"0,34,51,111,135,158,190.6,216.7,303.7,336.09,414.09","0,71,168,221,288,342,409.1,468.7,561.7,636.5,685.7"
1,89,5,14,"5, 6, 7,10,12,16,17,18","14, 1, 2, 3, 4, 8, 9,11,13,15,19,20",1200,1800,46.06,138.258,1153.94,1661.742,3000,2815.682,1407.841,8,12,"0,34,51,78,143,165.4,192.2,218.3,230.3","0,43,140,193,260,314,392,412.5,450.7,567.7,616.9,649.29,691.29"
1,90,5,15,"5, 6, 7,10,11,13,16,17,18","15, 1, 2, 3, 4, 8, 9,12,14,19,20",1350,1650,57.98,121.558,1292.02,1528.442,3000,2820.462,1410.231,9,11,"0,34,51,78,137.6,175.8,225,251.8,277.9,289.9","0,79,176,229,296,350,428,483,506,558.4,590.79,607.79"
1,91,5,16,"5, 6, 7, 8,12,15,19,20","16, 1, 2, 3, 4, 9,10,11,13,14,17,18",1200,1800,70.918,123.54,1129.082,1676.46,3000,2805.542,1402.771,8,12,"0,34,51,111,135,195,244.2,276.59,354.59","0,28,125,178,245,299,366.1,425.7,463.9,532.9,565.5,591.6,617.7"
1,92,5,17,"5, 6, 7, 9,10,11,13","17, 1, 2, 3, 4, 8,12,14,15,16,18,19,20",1050,1950,57.58,188.558,992.42,1761.442,3000,2753.862,1376.931,7,13,"0,34,51,93,160.1,219.7,257.9,287.9","0,55,152,205,272,326,350,373,421,495.8,756.8,843.8,876.19,942.79"
1,93,5,18,"5, 6, 7, 8,12,14,15,16,17","18, 1, 2, 3, 4, 9,10,11,13,19,20",1350,1650,64.32,140.618,1285.68,1509.382,3000,2795.062,1397.531,9,11,"0,34,51,111,135,158,206,280.8,307.6,321.6","0,48,145,198,265,319,386.1,445.7,483.9,581.9,614.29,703.09"
1,94,5,19,"5, 6, 7, 8,12,14,15,16,17","19, 1, 2, 3, 4, 9,10,11,13,18,20",1350,1650,64.32,135.094,1285.68,1514.906,3000,2800.586,1400.293,9,11,"0,34,51,111,135,158,206,280.8,307.6,321.6","0,95,192,245,312,366,433.1,492.7,530.9,554.3,643.07,675.47"
1,95,5,20,"5, 6, 7, 9,10,11,13,18","20, 1, 2, 3, 4, 8,12,14,15,16,17,19",1200,1800,58.66,128.018,1141.34,1671.982,3000,2813.322,1406.661,8,12,"0,34,51,93,160.1,219.7,257.9,281.3,293.3","0,79,176,229,296,350,374,397,445,519.8,546.6,607.7,640.09"
1,96,6,1,"6, 7, 8,12,13,16,17,18","1, 2, 3, 4, 5, 9,10,11,14,15,19,20",1200,1800,64.14,132.058,1135.86,1667.942,3000,2803.802,1401.901,8,12,"0,17,77,101,172.6,221.8,248.6,274.7,320.7","0,97,150,217,259,271,338.1,397.7,451.7,499.7,548.9,581.29,660.29"
1,97,6,2,"6, 1, 4, 5, 7,10,12,14,15,16","2, 3, 8, 9,11,13,17,18,19,20",1500,1500,91.16,94.918,1408.84,1405.082,3000,2813.922,1406.961,10,10,"0,70,91,133,174,201,266,289,337,411.8,455.8","0,53,95,173,193.5,231.7,271.1,297.2,384.2,416.59,474.59"
1,98,6,3,"6, 1, 2, 7, 8,12,16,17,18","3, 4, 5, 9,10,11,13,14,15,19,20",1350,1650,81.46,102.498,1268.54,1547.502,3000,2816.042,1408.021,9,11,"0,70,167,202,262,286,308.4,335.2,361.3,407.3","0,67,109,121,188.1,247.7,285.9,354.9,402.9,452.1,484.49,512.49"
1,99,6,4,"6, 1, 2, 3, 7, 8,10,12,14,15,19,20","4, 5, 9,11,13,16,17,18",1800,1200,129.618,50.36,1670.382,1149.64,3000,2820.022,1410.011,12,8,"0,70,167,220,241,301,373.5,438.5,461.5,509.5,558.7,591.09,648.09","0,42,54,74.5,112.7,161.9,188.7,214.8,251.8"
1,100,6,5,"6, 1, 2, 3, 4, 7, 8,12,16,17,18","5, 9,10,11,13,14,15,19,20",1650,1350,112.46,90.698,1537.54,1259.302,3000,2796.842,1398.421,11,9,"0,70,167,220,287,357,417,441,463.4,490.2,516.3,562.3","0,12,79.1,138.7,176.9,245.9,293.9,343.1,375.49,453.49"
1,101,6,7,"6, 1, 2, 3, 4, 5, 9,11,13,16,17,18","7, 8,10,12,14,15,19,20",1800,1200,109.56,78.018,1690.44,1121.982,3000,2812.422,1406.211,12,8,"0,70,167,220,287,329,341,361.5,399.7,448.9,475.7,501.8,547.8","0,60,132.5,197.5,220.5,268.5,317.7,350.09,390.09"
1,102,6,8,"6, 1, 2, 3, 4, 5, 7, 9,11,13,16,17,18","8,10,12,14,15,19,20",1950,1050,123.76,69.418,1826.24,980.582,3000,2806.822,1403.411,13,7,"0,70,167,220,287,329,370,412,432.5,470.7,519.9,546.7,572.8,618.8","0,72.5,137.5,160.5,208.5,257.7,290.09,347.09"
1,103,6,9,"6, 1, 2, 3, 4, 5, 7, 8,12,14,15,16,17,19,20","9,10,11,13,18",2250,750,155.418,41.46,2094.582,708.54,3000,2803.122,1401.561,15,5,"0,70,167,220,287,329,370,430,454,477,525,599.8,626.6,687.7,720.09,777.09","0,67.1,126.7,164.9,188.3,207.3"
1,104,6,10,"6, 7, 8,12,14,15,19,20","10, 1, 2, 3, 4, 5, 9,11,13,16,17,18",1200,1800,62.118,119.24,1137.882,1680.76,3000,2818.642,1409.321,8,12,"0,17,77,101,124,172,221.2,253.59,310.59","0,85,182,235,302,344,356,376.5,414.7,463.9,490.7,516.8,596.2"
1,105,6,11,"6, 7, 8,10,12,14,15,16,17,19,20","11, 1, 2, 3, 4, 5, 9,13,18",1650,1350,107.518,87.44,1542.482,1262.56,3000,2805.042,1402.521,11,9,"0,17,77,149.5,214.5,237.5,285.5,360.3,387.1,448.2,480.59,537.59","0,78,175,228,295,337,349,374.1,397.5,437.2"
1,106,6,12,"6, 7, 8,10,13,18","12, 1, 2, 3, 4, 5, 9,11,14,15,16,17,19,20",900,2100,62.18,133.718,837.82,1966.282,3000,2804.102,1402.051,6,14,"0,17,77,149.5,241.5,264.9,310.9","0,21,118,171,238,280,292,312.5,366.5,414.5,489.3,516.1,577.2,609.59,668.59"
1,107,6,13,"6, 7, 8,10,11,12,16,17,18","13, 1, 2, 3, 4, 5, 9,14,15,19,20",1350,1650,79.68,124.918,1270.32,1525.082,3000,2795.402,1397.701,9,11,"0,17,77,149.5,209.1,277.1,299.5,326.3,352.4,398.4","0,71,168,221,288,330,342,389,437,486.2,518.59,624.59"
1,108,6,14,"6, 7, 8,12,15,19,20","14, 1, 2, 3, 4, 5, 9,10,11,13,16,17,18",1050,1950,59.918,126,990.082,1824,3000,2814.082,1407.041,7,13,"0,17,77,101,161,210.2,242.59,299.59","0,43,140,193,260,302,314,381.1,440.7,478.9,528.1,554.9,581,630"
1,109,6,15,"6, 7, 8,10,12,14,16,17,18","15, 1, 2, 3, 4, 5, 9,11,13,19,20",1350,1650,72.78,111.218,1277.22,1538.782,3000,2816.002,1408.001,9,11,"0,17,77,149.5,214.5,237.5,265,291.8,317.9,363.9","0,79,176,229,296,338,350,370.5,408.7,506.7,539.09,556.09"
1,110,6,16,"6, 7, 9,10,11,13,14,15,17,18,19","16, 1, 2, 3, 4, 5, 8,12,20",1650,1350,114.96,101.13,1535.04,1248.87,3000,2783.91,1391.955,11,9,"0,17,59,126.1,185.7,223.9,292.9,340.9,418.7,444.8,531.8,574.8","0,28,125,178,245,287,354,378,436.55,505.65"
1,111,6,17,"6, 7, 8,12,14,15,19,20","17, 1, 2, 3, 4, 5, 9,10,11,13,16,18",1200,1800,62.118,165.44,1137.882,1634.56,3000,2772.442,1386.221,8,12,"0,17,77,101,124,172,221.2,253.59,310.59","0,55,152,205,272,314,326,393.1,452.7,490.9,540.1,801.1,827.2"
1,112,6,18,"6, 2, 3, 7, 8,12,14,15,16,17,19,20","18, 1, 4, 5, 9,10,11,13",1800,1200,102.018,62.26,1697.982,1137.74,3000,2835.722,1417.861,12,8,"0,29,82,103,163,187,210,258,332.8,359.6,420.7,453.09,510.09","0,48,69,111,123,190.1,249.7,287.9,311.3"
1,113,6,19,"6, 7, 8,12,14,15,16,17","19, 1, 2, 3, 4, 5, 9,10,11,13,18,20",1200,1800,58.72,135.094,1141.28,1664.906,3000,2806.186,1403.093,8,12,"0,17,77,101,124,172,246.8,273.6,293.6","0,95,192,245,312,354,366,433.1,492.7,530.9,554.3,643.07,675.47"
1,114,6,20,"6, 7, 8,10,11,13,16,17,18","20, 1, 2, 3, 4, 5, 9,12,14,15,19",1350,1650,79.08,111.518,1270.92,1538.482,3000,2809.402,1404.701,9,11,"0,17,77,149.5,209.1,247.3,296.5,323.3,349.4,395.4","0,79,176,229,296,338,350,405,428,476,525.2,557.59"
1,115,7,1,"7, 8,12,14,15,16,17,19,20","1, 2, 3, 4, 5, 6, 9,10,11,13,18",1350,1650,78.018,111.86,1271.982,1538.14,3000,2810.122,1405.061,9,11,"0,60,84,107,155,229.8,256.6,317.7,350.09,390.09","0,97,150,217,259,293,323,390.1,449.7,487.9,511.3,559.3"
1,116,7,2,"7, 1, 4, 5, 6, 9,10,11,13,16,17,18","2, 3, 8,12,14,15,19,20",1800,1200,101.8,65.918,1698.2,1134.082,3000,2832.282,1416.141,12,8,"0,63,84,126,160,190,257.1,316.7,354.9,404.1,430.9,457,509","0,53,95,119,142,190,239.2,271.59,329.59"
1,117,7,3,"7, 1, 2, 6, 8,10,11,13,18","3, 4, 5, 9,12,14,15,16,17,19,20",1350,1650,101.74,94.018,1248.26,1555.982,3000,2804.242,1402.121,9,11,"0,63,160,189,263,335.5,395.1,433.3,456.7,508.7","0,67,109,121,176,199,247,321.8,348.6,409.7,442.09,470.09"
1,118,7,4,"7, 1, 2, 3, 6, 8,12,14,15,16,17,19,20","4, 5, 9,10,11,13,18",1950,1050,131.018,55.86,1818.982,994.14,3000,2813.122,1406.561,13,7,"0,63,160,213,251,325,349,372,420,494.8,521.6,582.7,615.09,655.09","0,42,54,121.1,180.7,218.9,242.3,279.3"
1,119,7,5,"7, 8,12,14,15,19,20","5, 1, 2, 3, 4, 6, 9,10,11,13,16,17,18",1050,1950,55.318,129.4,994.682,1820.6,3000,2815.282,1407.641,7,13,"0,60,84,107,155,204.2,236.59,276.59","0,49,146,199,266,338,368,435.1,494.7,532.9,582.1,608.9,635,647"
1,120,7,6,"7, 1, 2, 3, 4, 5, 8,10,12,14,15,19,20","6, 9,11,13,16,17,18",1950,1050,143.818,47.36,1806.182,1002.64,3000,2808.822,1404.411,13,7,"0,63,160,213,280,322,389,461.5,526.5,549.5,597.5,646.7,679.09,719.09","0,30,50.5,88.7,137.9,164.7,190.8,236.8"
1,121,7,8,"7, 9,10,11,13,16,17,18","8, 1, 2, 3, 4, 5, 6,12,14,15,19,20",1200,1800,72.2,118.118,1127.8,1681.882,3000,2809.682,1404.841,8,12,"0,42,109.1,168.7,206.9,256.1,282.9,309,361","0,33,130,183,250,292,326,381,404,452,501.2,533.59,590.59"
1,122,7,9,"7, 8,15,20","9, 1, 2, 3, 4, 5, 6,10,11,12,13,14,16,17,18,19",600,2400,33.806,180.12,566.194,2219.88,3000,2786.074,1393.037,4,16,"0,60,112,129.03,169.03","0,61,158,211,278,320,354,392,451.6,519.6,591.2,660.2,687.7,714.5,740.6,827.6,900.6"
1,123,7,10,"7, 8, 9,11,13,14,15,19,20","10, 1, 2, 3, 4, 5, 6,12,16,17,18",1350,1650,87.058,117.54,1262.942,1532.46,3000,2795.402,1397.701,9,11,"0,60,138,158.5,196.7,265.7,313.7,362.9,395.29,435.29","0,85,182,235,302,344,378,433,455.4,482.2,508.3,587.7"
1,124,7,11,"7, 8,12,14,15,16,17","11, 1, 2, 3, 4, 5, 6, 9,10,13,18,19,20",1050,1950,56.92,156.458,993.08,1793.542,3000,2786.622,1393.311,7,13,"0,60,84,107,155,229.8,256.6,284.6","0,78,175,228,295,337,371,401,468.1,560.1,583.5,670.5,702.89,782.29"
1,125,7,12,"7, 1, 2, 3, 4, 5, 6, 8, 9,10,11,13,16,17,18,19","12,14,15,20",2400,600,179.4,29.406,2220.6,570.594,3000,2791.194,1395.597,16,4,"0,63,160,213,280,322,356,430,508,575.1,634.7,672.9,722.1,748.9,775,862,897","0,23,71,88.03,147.03"
1,126,7,13,"7, 8,10,12,14,15,17,18,19,20","13, 1, 2, 3, 4, 5, 6, 9,11,16",1500,1500,106.358,102.86,1393.642,1397.14,3000,2790.782,1395.391,10,10,"0,60,132.5,197.5,220.5,268.5,346.3,372.4,459.4,491.79,531.79","0,71,168,221,288,330,364,394,414.5,465.1,514.3"
1,127,7,14,"7, 8,10,12,16,17,18","14, 1, 2, 3, 4, 5, 6, 9,11,13,15,19,20",1050,1950,64.96,133.058,985.04,1816.942,3000,2801.982,1400.991,7,13,"0,60,132.5,197.5,219.9,246.7,272.8,324.8","0,43,140,193,260,302,336,366,386.5,424.7,541.7,590.9,623.29,665.29"
1,128,7,15,"7, 8, 9,11,13,17,18,19,20","15, 1, 2, 3, 4, 5, 6,10,12,14,16",1350,1650,84.318,120.1,1265.682,1529.9,3000,2795.582,1397.791,9,11,"0,60,138,158.5,196.7,236.1,262.2,349.2,381.59,421.59","0,79,176,229,296,338,372,410,475,498,525.5,600.5"
1,129,7,16,"7, 1, 4, 5, 6, 9,10,11,13,18","16, 2, 3, 8,12,14,15,17,19,20",1500,1500,86.06,100.478,1413.94,1399.522,3000,2813.462,1406.731,10,10,"0,63,84,126,160,190,257.1,316.7,354.9,378.3,430.3","0,72,125,167,191,214,262,339.8,400.9,433.29,502.39"
1,130,7,17,"7, 8, 9,11,13,14,15,19,20","17, 1, 2, 3, 4, 5, 6,10,12,16,18",1350,1650,87.058,152.1,1262.942,1497.9,3000,2760.842,1380.421,9,11,"0,60,138,158.5,196.7,265.7,313.7,362.9,395.29,435.29","0,55,152,205,272,314,348,386,451,473.4,734.4,760.5"
1,131,7,18,"7, 8,12,15,19,20","18, 1, 2, 3, 4, 5, 6, 9,10,11,13,14,16,17",900,2100,53.118,137.06,846.882,1962.94,3000,2809.822,1404.911,6,14,"0,60,84,144,193.2,225.59,265.59","0,48,145,198,265,307,341,371,438.1,497.7,535.9,604.9,632.4,659.2,685.3"
1,132,7,19,"7, 1, 4, 5, 6,10,12,14,15,20","19, 2, 3, 8, 9,11,13,16,17,18",1500,1500,78.206,90.16,1421.794,1409.84,3000,2831.634,1415.817,10,10,"0,63,84,126,160,198,263,286,334,351.03,391.03","0,30,83,125,203,223.5,261.7,310.9,337.7,363.8,450.8"
1,133,7,20,"7, 8,10,12,16,17,18","20, 1, 2, 3, 4, 5, 6, 9,11,13,14,15,19",1050,1950,64.96,131.858,985.04,1818.142,3000,2803.182,1401.591,7,13,"0,60,132.5,197.5,219.9,246.7,272.8,324.8","0,79,176,229,296,338,372,402,422.5,460.7,529.7,577.7,626.9,659.29"
1,134,8,1,"8, 9,11,13,16,17,18","1, 2, 3, 4, 5, 6, 7,10,12,14,15,19,20",1050,1950,62.16,126.718,987.84,1823.282,3000,2811.122,1405.561,7,13,"0,78,98.5,136.7,185.9,212.7,238.8,310.8","0,97,150,217,259,293,310,337,402,425,473,522.2,554.59,633.59"
1,135,8,2,"8, 1, 4, 5,12,14,15,20","2, 3, 6, 7, 9,10,11,13,16,17,18,19",1200,1800,57.006,106.8,1142.994,1693.2,3000,2836.194,1418.097,8,12,"0,33,54,96,140,163,211,228.03,285.03","0,53,91,108,150,217.1,276.7,314.9,364.1,390.9,417,504,534"
1,136,8,3,"8, 1, 2, 5, 6, 7,10,12,14,15,19,20","3, 4, 9,11,13,16,17,18",1800,1200,108.918,68.76,1691.082,1131.24,3000,2822.322,1411.161,12,8,"0,33,130,192,226,243,270,335,358,406,455.2,487.59,544.59","0,67,121,141.5,179.7,228.9,255.7,281.8,343.8"
1,137,8,4,"8, 1, 2, 3, 6, 7,10,12,14,15,19,20","4, 5, 9,11,13,16,17,18",1800,1200,107.918,50.36,1692.082,1149.64,3000,2841.722,1420.861,12,8,"0,33,130,183,221,238,265,330,353,401,450.2,482.59,539.59","0,42,54,74.5,112.7,161.9,188.7,214.8,251.8"
1,138,8,5,"8,12,14,15,19,20","5, 1, 2, 3, 4, 6, 7, 9,10,11,13,16,17,18",900,2100,46.718,135.2,853.282,1964.8,3000,2818.082,1409.041,6,14,"0,24,47,95,144.2,176.59,233.59","0,49,146,199,266,338,355,397,464.1,523.7,561.9,611.1,637.9,664,676"
1,139,8,6,"8,12,14,15,17,18,19,20","6, 1, 2, 3, 4, 5, 7, 9,10,11,13,16",1200,1800,75.058,134.02,1124.942,1665.98,3000,2790.922,1395.461,8,12,"0,24,47,95,172.8,198.9,285.9,318.29,375.29","0,70,167,220,287,329,370,412,479.1,538.7,576.9,626.1,670.1"
1,140,8,7,"8, 1, 2, 3, 4, 5, 6, 9,11,13,14,15,20","7,10,12,16,17,18,19",1950,1050,121.146,57.86,1828.854,992.14,3000,2820.994,1410.497,13,7,"0,33,130,183,250,292,326,356,376.5,414.7,483.7,531.7,548.73,605.73","0,27,92,114.4,141.2,167.3,254.3,289.3"
1,141,8,9,"8, 1, 2, 3, 4, 5, 6, 7,12,14,15,16,17,19,20","9,10,11,13,18",2250,750,142.218,41.46,2107.782,708.54,3000,2816.322,1408.161,15,5,"0,33,130,183,250,292,326,343,388,411,459,533.8,560.6,621.7,654.09,711.09","0,67.1,126.7,164.9,188.3,207.3"
1,142,8,10,"8, 1, 2, 3, 4, 5, 6, 7, 9,11,13,16,17,18","10,12,14,15,19,20",2100,900,123.56,48.758,1976.44,851.242,3000,2827.682,1413.841,14,6,"0,33,130,183,250,292,326,343,385,405.5,443.7,492.9,519.7,545.8,617.8","0,65,88,136,185.2,217.59,243.79"
1,143,8,11,"8,12,14,15,16,17,19,20","11, 1, 2, 3, 4, 5, 6, 7, 9,10,13,18",1200,1800,69.418,130.44,1130.582,1669.56,3000,2800.142,1400.071,8,12,"0,24,47,95,169.8,196.6,257.7,290.09,347.09","0,78,175,228,295,337,371,388,430,497.1,589.1,612.5,652.2"
1,144,8,12,"8, 9,11,13,16,17,18","12, 1, 2, 3, 4, 5, 6, 7,10,14,15,19,20",1050,1950,62.16,117.718,987.84,1832.282,3000,2820.122,1410.061,7,13,"0,78,98.5,136.7,185.9,212.7,238.8,310.8","0,21,118,171,238,280,314,331,358,400,448,497.2,529.59,588.59"
1,145,8,13,"8,12,14,15,16","13, 1, 2, 3, 4, 5, 6, 7, 9,10,11,17,18,19,20",750,2250,43.16,165.098,706.84,2084.902,3000,2791.742,1395.871,5,15,"0,24,47,95,169.8,215.8","0,71,168,221,288,330,364,381,423,490.1,549.7,574,600.1,687.1,719.49,825.49"
1,146,8,14,"8, 2, 3, 4,12,15,19,20","14, 1, 5, 6, 7, 9,10,11,13,16,17,18",1200,1800,90.118,100.2,1109.882,1699.8,3000,2809.682,1404.841,8,12,"0,95,148,215,252,312,361.2,393.59,450.59","0,43,92,126,143,185,252.1,311.7,349.9,399.1,425.9,452,501"
1,147,8,15,"8, 9,11,13,16,17,18","15, 1, 2, 3, 4, 5, 6, 7,10,12,14,19,20",1050,1950,62.16,121.158,987.84,1828.842,3000,2816.682,1408.341,7,13,"0,78,98.5,136.7,185.9,212.7,238.8,310.8","0,79,176,229,296,338,372,389,416,481,504,556.4,588.79,605.79"
1,148,8,16,"8,12,14,15","16, 1, 2, 3, 4, 5, 6, 7, 9,10,11,13,17,18,19,20",600,2400,29.4,159.778,570.6,2240.222,3000,2810.822,1405.411,4,16,"0,24,47,95,147","0,28,125,178,245,287,321,338,380,447.1,506.7,544.9,584.3,610.4,697.4,729.79,798.89"
1,149,8,17,"8,10,19,20","17, 1, 2, 3, 4, 5, 6, 7, 9,11,12,13,14,15,16,18",600,2400,34.378,209.2,565.622,2190.8,3000,2756.422,1378.211,4,16,"0,72.5,82.5,114.89,171.89","0,55,152,205,272,314,348,365,407,427.5,495.5,567.1,636.1,684.1,758.9,1019.9,1046"
1,150,8,18,"8, 1, 4,10,12,14,15,20","18, 2, 3, 5, 6, 7, 9,11,13,16,17,19",1200,1800,71.786,110.76,1128.214,1689.24,3000,2817.454,1408.727,8,12,"0,33,54,148.9,213.9,236.9,284.9,301.93,358.93","0,74,127,178,212,229,271,291.5,329.7,378.9,405.7,466.8,553.8"
1,151,8,19,"8, 1, 4, 5, 6, 7,12,16,17,18","19, 2, 3, 9,10,11,13,14,15,20",1500,1500,67.86,94.266,1432.14,1405.734,3000,2837.874,1418.937,10,10,"0,33,54,96,130,147,192,214.4,241.2,267.3,339.3","0,30,83,140,207.1,266.7,304.9,373.9,421.9,438.93,471.33"
1,152,8,20,"8,10,11,13,14,16,17,18","20, 1, 2, 3, 4, 5, 6, 7, 9,12,15,19",1200,1800,78.34,125.518,1121.66,1674.482,3000,2796.142,1398.071,8,12,"0,72.5,132.1,170.3,239.3,266.8,293.6,319.7,391.7","0,79,176,229,296,338,372,389,431,486,546,595.2,627.59"
1,153,9,1,"9,12,14,15,19,20","1, 2, 3, 4, 5, 6, 7, 8,10,11,13,16,17,18",900,2100,57.718,138.08,842.282,1961.92,3000,2804.202,1402.101,6,14,"0,55,78,126,175.2,207.59,288.59","0,97,150,217,259,293,310,370,442.5,502.1,540.3,589.5,616.3,642.4,690.4"
1,154,9,2,"9, 1, 4, 5,11,13,16,17,18","2, 3, 6, 7, 8,10,12,14,15,19,20",1350,1650,62.98,103.218,1287.02,1546.782,3000,2833.802,1416.901,9,11,"0,61,82,124,155.6,193.8,243,269.8,295.9,314.9","0,53,91,108,168,240.5,305.5,328.5,376.5,425.7,458.09,516.09"
1,155,9,3,"9, 1, 2, 6, 7,10,11,13,16,17,18","3, 4, 5, 8,12,14,15,19,20",1650,1350,89.98,76.118,1560.02,1273.882,3000,2833.902,1416.951,11,9,"0,61,158,187,204,231,290.6,328.8,378,404.8,430.9,449.9","0,67,109,176,200,223,271,320.2,352.59,380.59"
1,156,9,4,"9, 1, 2, 3, 5, 6, 7,11,13,14,15,19,20","4, 8,10,12,16,17,18",1950,1050,134.098,60.76,1815.902,989.24,3000,2805.142,1402.571,13,7,"0,61,158,211,262,296,313,352.7,390.9,459.9,507.9,557.1,589.49,670.49","0,54,126.5,191.5,213.9,240.7,266.8,303.8"
1,157,9,5,"9, 1, 2, 3, 4, 8,11,13,18","5, 6, 7,10,12,14,15,16,17,19,20",1350,1650,100.52,97.418,1249.48,1552.582,3000,2802.062,1401.031,9,11,"0,61,158,211,278,332,422,460.2,483.6,502.6","0,34,51,78,143,166,214,288.8,315.6,376.7,409.09,487.09"
1,158,9,6,"9, 1, 2, 3, 4, 5,11,13,14,15,19,20","6, 7, 8,10,12,16,17,18",1800,1200,133.878,67.16,1666.122,1132.84,3000,2798.962,1399.481,12,8,"0,61,158,211,278,320,351.6,389.8,458.8,506.8,556,588.39,669.39","0,17,77,149.5,214.5,236.9,263.7,289.8,335.8"
1,159,9,7,"9,10,11,13,16,17,18","7, 1, 2, 3, 4, 5, 6, 8,12,14,15,19,20",1050,1950,57.2,129.318,992.8,1820.682,3000,2813.482,1406.741,7,13,"0,67.1,126.7,164.9,214.1,240.9,267,286","0,63,160,213,280,322,356,430,454,477,525,574.2,606.59,646.59"
1,160,9,8,"9, 1, 2, 3, 4, 5, 6, 7,10,11,13,16,17,18","8,12,14,15,19,20",2100,900,123.38,46.718,1976.62,853.282,3000,2829.902,1414.951,14,6,"0,61,158,211,278,320,354,371,398,457.6,495.8,545,571.8,597.9,616.9","0,24,47,95,144.2,176.59,233.59"
1,161,9,10,"9, 1, 2, 3, 4, 5, 6, 7, 8,12,16,17,18","10,11,13,14,15,19,20",1950,1050,109.86,64.518,1840.14,985.482,3000,2825.622,1412.811,13,7,"0,61,158,211,278,320,354,371,431,455,477.4,504.2,530.3,549.3","0,59.6,97.8,166.8,214.8,264,296.39,322.59"
1,162,9,11,"9,12,14,15,19,20","11, 1, 2, 3, 4, 5, 6, 7, 8,10,13,16,17,18",900,2100,57.718,150.86,842.282,1949.14,3000,2791.422,1395.711,6,14,"0,55,78,126,175.2,207.59,288.59","0,78,175,228,295,337,371,388,448,520.5,612.5,661.7,688.5,714.6,754.3"
1,163,9,12,"9, 2, 3, 8,11,13,18,19,20","12, 1, 4, 5, 6, 7,10,14,15,16,17",1350,1650,100.598,79.52,1249.402,1570.48,3000,2819.882,1409.941,9,11,"0,56,109,151,241,279.2,302.6,389.6,421.99,502.99","0,21,42,84,118,135,162,204,252,326.8,353.6,397.6"
1,164,9,13,"9, 2, 6, 7,10,11,14,15,19,20","13, 1, 3, 4, 5, 8,12,16,17,18",1500,1500,90.638,84.94,1409.362,1415.06,3000,2824.422,1412.211,10,10,"0,56,85,102,129,188.6,242.6,290.6,339.8,372.19,453.19","0,71,126,193,235,302,326,348.4,375.2,401.3,424.7"
1,165,9,14,"9, 1, 2, 6, 7,10,11,13,16,17,18","14, 3, 4, 5, 8,12,15,19,20",1650,1350,89.98,79.518,1560.02,1270.482,3000,2830.502,1415.251,11,9,"0,61,158,187,204,231,290.6,328.8,378,404.8,430.9,449.9","0,14,81,123,190,214,274,323.2,355.59,397.59"
1,166,9,15,"9, 1, 2, 6, 7,10,11,13,16,17,18","15, 3, 4, 5, 8,12,14,19,20",1650,1350,89.98,72.158,1560.02,1277.842,3000,2837.862,1418.931,11,9,"0,61,158,187,204,231,290.6,328.8,378,404.8,430.9,449.9","0,36,103,145,212,236,259,311.4,343.79,360.79"
1,167,9,16,"9,10,11,13,17,18","16, 1, 2, 3, 4, 5, 6, 7, 8,12,14,15,19,20",900,2100,49.88,128.738,850.12,1971.262,3000,2821.382,1410.691,6,14,"0,67.1,126.7,164.9,204.3,230.4,249.4","0,28,125,178,245,287,321,338,398,422,445,493,542.2,574.59,643.69"
1,168,9,17,"9, 2, 3, 8,11,13,15,19,20","17, 1, 4, 5, 6, 7,10,12,14,16,18",1350,1650,111.758,119.72,1238.242,1530.28,3000,2768.522,1384.261,9,11,"0,56,109,151,241,279.2,396.2,445.4,477.79,558.79","0,55,76,118,152,169,196,261,284,311.5,572.5,598.6"
1,169,9,18,"9, 2, 3, 8,11,13,14,15,19,20","18, 1, 4, 5, 6, 7,10,12,16,17",1500,1500,111.758,65.86,1388.242,1434.14,3000,2822.382,1411.191,10,10,"0,56,109,151,241,279.2,348.2,396.2,445.4,477.79,558.79","0,48,69,111,145,162,189,254,276.4,303.2,329.3"
1,170,9,19,"9, 1, 4, 5,10,11,13,16,17,18","19, 2, 3, 6, 7, 8,12,14,15,20",1500,1500,82.08,68.486,1417.92,1431.514,3000,2849.434,1424.717,10,10,"0,61,82,124,191.5,251.1,289.3,338.5,365.3,391.4,410.4","0,30,83,121,138,198,222,245,293,310.03,342.43"
1,171,9,20,"9,11,13,16,17,18","20, 1, 2, 3, 4, 5, 6, 7, 8,10,12,14,15,19",900,2100,35.96,147.818,864.04,1952.182,3000,2816.222,1408.111,6,14,"0,20.5,58.7,107.9,134.7,160.8,179.8","0,79,176,229,296,338,372,389,449,521.5,586.5,609.5,657.5,706.7,739.09"
1,172,10,1,"10, 2, 3, 8,12,15,19,20","1, 4, 5, 6, 7, 9,11,13,14,16,17,18",1200,1800,63.758,82.42,1136.242,1717.58,3000,2853.822,1426.911,8,12,"0,32,85,127,151,211,260.2,292.59,318.79","0,21,63,97,114,156,176.5,214.7,283.7,311.2,338,364.1,412.1"
1,173,10,2,"10, 1, 4, 5, 6, 7,12,16,17,18","2, 3, 8, 9,11,13,14,15,19,20",1500,1500,79.74,97.658,1420.26,1402.342,3000,2822.602,1411.301,10,10,"0,85,106,148,182,199,244,266.4,293.2,319.3,398.7","0,53,95,173,193.5,231.7,300.7,348.7,397.9,430.29,488.29"
1,174,10,3,"10, 1, 2, 6, 7, 8,12,14,15,17,18","3, 4, 5, 9,11,13,16,19,20",1650,1350,113.26,72.998,1536.74,1277.002,3000,2813.742,1406.871,11,9,"0,85,182,211,228,288,312,335,383,460.8,486.9,566.3","0,67,109,121,141.5,179.7,228.9,304.6,336.99,364.99"
1,175,10,4,"10, 1, 2, 3, 7, 8,12,14,15,19,20","4, 5, 6, 9,11,13,16,17,18",1650,1350,103.758,60.76,1546.242,1289.24,3000,2835.482,1417.741,11,9,"0,85,182,235,256,316,340,363,411,460.2,492.59,518.79","0,42,76,106,126.5,164.7,213.9,240.7,266.8,303.8"
1,176,10,5,"10, 1, 2, 3, 4, 8,12,14,15,16,17,19,20","5, 6, 7, 9,11,13,18",1950,1050,134.458,37.42,1815.542,1012.58,3000,2828.122,1414.061,13,7,"0,85,182,235,302,356,380,403,451,525.8,552.6,613.7,646.09,672.29","0,34,51,93,113.5,151.7,175.1,187.1"
1,177,10,6,"10, 1, 2, 3, 4, 5, 7, 8,19,20","6, 9,11,12,13,14,15,16,17,18",1500,1500,117.158,96.16,1382.842,1403.84,3000,2786.682,1393.341,10,10,"0,85,182,235,302,344,385,445,527.2,559.59,585.79","0,30,50.5,118.5,190.1,259.1,307.1,381.9,408.7,434.8,480.8"
1,178,10,7,"10, 1, 2, 3, 4, 5, 6,12,16,17,18","7, 8, 9,11,13,14,15,19,20",1650,1350,117.54,87.058,1532.46,1262.942,3000,2795.402,1397.701,11,9,"0,85,182,235,302,344,378,433,455.4,482.2,508.3,587.7","0,60,138,158.5,196.7,265.7,313.7,362.9,395.29,435.29"
1,179,10,8,"10, 2, 3, 5, 6, 7, 9,11,13,16,17,18,19","8, 1, 4,12,14,15,20",1950,1050,97.36,47.206,1852.64,1002.794,3000,2855.434,1427.717,13,7,"0,32,85,136,170,187,229,249.5,287.7,336.9,363.7,389.8,476.8,486.8","0,33,54,91,114,162,179.03,236.03"
1,180,10,9,"10,12,14,15,19,20","9, 1, 2, 3, 4, 5, 6, 7, 8,11,13,16,17,18",900,2100,48.758,136.06,851.242,1963.94,3000,2815.182,1407.591,6,14,"0,65,88,136,185.2,217.59,243.79","0,61,158,211,278,320,354,371,431,521,559.2,608.4,635.2,661.3,680.3"
1,181,10,11,"10,14,15,19,20","11, 1, 2, 3, 4, 5, 6, 7, 8, 9,12,13,16,17,18",750,2250,39.558,158.88,710.442,2091.12,3000,2801.562,1400.781,5,15,"0,42,90,139.2,171.59,197.79","0,78,175,228,295,337,371,388,448,526,581,652.6,701.8,728.6,754.7,794.4"
1,182,10,12,"10, 2, 3, 5, 6, 7, 9,11,13,14,16,17,18,19","12, 1, 4, 8,15,20",2100,900,106.82,44.806,1993.18,855.194,3000,2848.374,1424.187,14,6,"0,32,85,136,170,187,229,249.5,287.7,356.7,384.2,411,437.1,524.1,534.1","0,21,42,96,148,165.03,224.03"
1,183,10,13,"10, 2, 3, 6, 7, 8,12,14,15,19,20","13, 1, 4, 5, 9,11,16,17,18",1650,1350,80.558,58.68,1569.442,1291.32,3000,2860.762,1430.381,11,9,"0,32,85,123,140,200,224,247,295,344.2,376.59,402.79","0,71,92,134,146,166.5,217.1,243.9,270,293.4"
1,184,10,14,"10, 2, 3, 8,12,15,19,20","14, 1, 4, 5, 6, 7, 9,11,13,16,17,18",1200,1800,63.758,81.76,1136.242,1718.24,3000,2854.482,1427.241,8,12,"0,32,85,127,151,211,260.2,292.59,318.79","0,43,64,106,140,157,199,219.5,257.7,306.9,333.7,359.8,408.8"
1,185,10,15,"10, 1, 4, 5, 6, 7, 9,11,13,16,17,18","15, 2, 3, 8,12,14,19,20",1800,1200,96.24,63.758,1703.76,1136.242,3000,2840.002,1420.001,12,8,"0,85,106,148,182,199,241,261.5,299.7,348.9,375.7,401.8,481.2","0,75,128,170,194,217,269.4,301.79,318.79"
1,186,10,16,"10, 2, 3, 8,11,12,14,15,19,20","16, 1, 4, 5, 6, 7, 9,13,17,18",1500,1500,92.758,60.14,1407.242,1439.86,3000,2847.102,1423.551,10,10,"0,32,85,127,217,285,308,356,405.2,437.59,463.79","0,28,49,91,125,142,184,209.1,248.5,274.6,300.7"
1,187,10,17,"10, 2, 3, 6, 7, 8,12,14,15,19,20","17, 1, 4, 5, 9,11,13,16,18",1650,1350,80.558,105,1569.442,1245,3000,2814.442,1407.221,11,9,"0,32,85,123,140,200,224,247,295,344.2,376.59,402.79","0,55,76,118,130,150.5,188.7,237.9,498.9,525"
1,188,10,18,"10, 1, 4, 8,12,14,15,19,20","18, 2, 3, 5, 6, 7, 9,11,13,16,17",1350,1650,72.558,86.36,1277.442,1563.64,3000,2841.082,1420.541,9,11,"0,85,106,160,184,207,255,304.2,336.59,362.79","0,74,127,178,212,229,271,291.5,329.7,378.9,405.7,431.8"
1,189,10,19,"10, 2, 3, 6, 7, 8,12,14,15","19, 1, 4, 5, 9,11,13,16,17,18,20",1350,1650,67.64,90.394,1282.36,1559.606,3000,2841.966,1420.983,9,11,"0,32,85,123,140,200,224,247,295,338.2","0,95,116,158,170,190.5,228.7,277.9,304.7,330.8,419.57,451.97"
1,190,10,20,"10, 1, 4, 5, 6, 7,12,14,16,17,18","20, 2, 3, 8, 9,11,13,15,19",1650,1350,85.36,97.658,1564.64,1252.342,3000,2816.982,1408.491,11,9,"0,85,106,148,182,199,244,267,294.5,321.3,347.4,426.8","0,58,111,153,231,251.5,289.7,406.7,455.9,488.29"
1,191,11,1,"11, 2, 3, 8, 9,13,14,15,19,20","1, 4, 5, 6, 7,10,12,16,17,18",1500,1500,103.218,65.86,1396.782,1434.14,3000,2830.922,1415.461,10,10,"0,40,93,135,213,238.1,307.1,355.1,404.3,436.69,516.09","0,21,63,97,114,141,206,228.4,255.2,281.3,329.3"
1,192,11,2,"11, 1, 4, 5, 9,10,13,14,15,20","2, 3, 6, 7, 8,12,16,17,18,19",1500,1500,105.106,76.86,1394.894,1423.14,3000,2818.034,1409.017,10,10,"0,78,99,141,153,220.1,312.1,381.1,429.1,446.13,525.53","0,53,91,108,168,192,214.4,241.2,267.3,354.3,384.3"
1,193,11,3,"11, 1, 2, 6, 7, 9,13,16,17,18","3, 4, 5, 8,10,12,14,15,19,20",1500,1500,85.98,98.818,1414.02,1401.182,3000,2815.202,1407.601,10,10,"0,78,175,204,221,263,288.1,337.3,364.1,390.2,429.9","0,67,109,176,248.5,313.5,336.5,384.5,433.7,466.09,494.09"
1,194,11,4,"11, 1, 2, 3, 5, 6, 7, 9,13,14,15,19,20","4, 8,10,12,16,17,18",1950,1050,135.018,60.76,1814.982,989.24,3000,2804.222,1402.111,13,7,"0,78,175,228,279,313,330,372,397.1,466.1,514.1,563.3,595.69,675.09","0,54,126.5,191.5,213.9,240.7,266.8,303.8"
1,195,11,5,"11, 1, 2, 3, 4, 8, 9,13,16,17,18","5, 6, 7,10,12,14,15,19,20",1650,1350,118.78,74.718,1531.22,1275.282,3000,2806.502,1403.251,11,9,"0,78,175,228,295,349,427,452.1,501.3,528.1,554.2,593.9","0,34,51,78,143,166,214,263.2,295.59,373.59"
1,196,11,6,"11, 1, 2, 3, 4, 5, 8,10,13,14,15,16,17,18,19,20","6, 7, 9,12",2400,600,202.398,33.8,2197.602,566.2,3000,2763.802,1381.901,16,4,"0,78,175,228,295,337,404,476.5,568.5,637.5,685.5,760.3,787.1,813.2,900.2,932.59,1011.99","0,17,59,114,169"
1,197,11,7,"11, 1, 2, 3, 4, 5, 6, 9,13,16,17,18","7, 8,10,12,14,15,19,20",1800,1200,113.58,78.018,1686.42,1121.982,3000,2808.402,1404.201,12,8,"0,78,175,228,295,337,371,401,426.1,475.3,502.1,528.2,567.9","0,60,132.5,197.5,220.5,268.5,317.7,350.09,390.09"
1,198,11,8,"11, 1, 2, 3, 4, 5, 6, 7, 9,10,13,16,17,18","8,12,14,15,19,20",2100,900,146.18,46.718,1953.82,853.282,3000,2807.102,1403.551,14,6,"0,78,175,228,295,337,371,388,430,497.1,589.1,638.3,665.1,691.2,730.9","0,24,47,95,144.2,176.59,233.59"
1,199,11,9,"11, 1, 2, 3, 4, 5, 6, 7, 8,10,12,14,15,16,17","9,13,18,19,20",2250,750,156.48,49.778,2093.52,700.222,3000,2793.742,1396.871,15,5,"0,78,175,228,295,337,371,388,448,520.5,585.5,608.5,656.5,731.3,758.1,782.4","0,25.1,48.5,135.5,167.89,248.89"
1,200,11,10,"11, 1, 4, 5, 9,13,16,17,18","10, 2, 3, 6, 7, 8,12,14,15,19,20",1350,1650,63.98,80.558,1286.02,1569.442,3000,2855.462,1427.731,9,11,"0,78,99,141,153,178.1,227.3,254.1,280.2,319.9","0,32,85,123,140,200,224,247,295,344.2,376.59,402.79"
1,201,11,12,"11, 2, 3, 8, 9,13,16,17,18,19","12, 1, 4, 5, 6, 7,10,14,15,20",1500,1500,98.14,65.606,1401.86,1434.394,3000,2836.254,1418.127,10,10,"0,40,93,135,213,238.1,287.3,314.1,340.2,427.2,490.7","0,21,42,84,118,135,162,204,252,269.03,328.03"
1,202,11,13,"11, 2, 3, 8,10,12,16,17,18,19","13, 1, 4, 5, 6, 7, 9,14,15,20",1500,1500,99.66,89.006,1400.34,1410.994,3000,2811.334,1405.667,10,10,"0,40,93,135,207.5,272.5,294.9,321.7,347.8,434.8,498.3","0,71,92,134,168,185,227,274,322,339.03,445.03"
1,203,11,14,"11, 1, 4, 5, 6, 7, 9,13,16,17,18","14, 2, 3, 8,10,12,15,19,20",1650,1350,80.18,94.818,1569.82,1255.182,3000,2825.002,1412.501,11,9,"0,78,99,141,175,192,234,259.1,308.3,335.1,361.2,400.9","0,58,111,153,225.5,290.5,350.5,399.7,432.09,474.09"
1,204,11,15,"11, 1, 4, 5, 9,10,13,16,17,18","15, 2, 3, 6, 7, 8,12,14,19,20",1500,1500,90.78,78.358,1409.22,1421.642,3000,2830.862,1415.431,10,10,"0,78,99,141,153,220.1,312.1,361.3,388.1,414.2,453.9","0,75,128,166,183,243,267,290,342.4,374.79,391.79"
1,205,11,16,"11, 1, 4, 5, 9,10,13,18","16, 2, 3, 6, 7, 8,12,14,15,17,19,20",1200,1800,75.04,115.078,1124.96,1684.922,3000,2809.882,1404.941,8,12,"0,78,99,141,153,220.1,312.1,335.5,375.2","0,72,125,163,180,240,264,287,335,412.8,473.9,506.29,575.39"
1,206,11,17,"11, 1, 4, 5, 9,10,13,15,20","17, 2, 3, 6, 7, 8,12,14,16,18,19",1350,1650,105.106,140.12,1244.894,1509.88,3000,2754.774,1377.387,9,11,"0,78,99,141,153,220.1,312.1,429.1,446.13,525.53","0,49,102,140,157,217,241,264,291.5,552.5,639.5,700.6"
1,207,11,18,"11, 2, 3, 5, 6, 7, 9,10,13,16,19,20","18, 1, 4, 8,12,14,15,17",1800,1200,126.558,64.38,1673.442,1135.62,3000,2809.062,1404.531,12,8,"0,40,93,144,178,195,237,304.1,396.1,445.3,521,553.39,632.79","0,48,69,123,147,170,218,295.8,321.9"
1,208,11,19,"11, 1, 4, 5, 9,10,13,14,15,20","19, 2, 3, 6, 7, 8,12,16,17,18",1500,1500,105.106,76.86,1394.894,1423.14,3000,2818.034,1409.017,10,10,"0,78,99,141,153,220.1,312.1,381.1,429.1,446.13,525.53","0,30,83,121,138,198,222,244.4,271.2,297.3,384.3"
1,209,11,20,"11, 2, 3, 8, 9,13,16,17,18,19","20, 1, 4, 5, 6, 7,10,12,14,15",1500,1500,98.14,74.606,1401.86,1425.394,3000,2827.254,1413.627,10,10,"0,40,93,135,213,238.1,287.3,314.1,340.2,427.2,490.7","0,79,100,142,176,193,220,285,308,356,373.03"
1,210,12,1,"12, 2, 3, 6, 7, 8,14,15,19,20","1, 4, 5, 9,10,11,13,16,17,18",1500,1500,94.918,78,1405.082,1422,3000,2827.082,1413.541,10,10,"0,80,133,171,188,248,286,334,383.2,415.59,474.59","0,21,63,75,142.1,201.7,239.9,289.1,315.9,342,390"
1,211,12,2,"12, 1, 4, 5, 6, 7,10,16,17,18","2, 3, 8, 9,11,13,14,15,19,20",1500,1500,65.88,97.658,1434.12,1402.342,3000,2836.462,1418.231,10,10,"0,21,42,84,118,135,162,228.5,255.3,281.4,329.4","0,53,95,173,193.5,231.7,300.7,348.7,397.9,430.29,488.29"
1,212,12,3,"12, 1, 2, 7,10,16,17,18","3, 4, 5, 6, 8, 9,11,13,14,15,19,20",1200,1800,69.48,116.058,1130.52,1683.942,3000,2814.462,1407.231,8,12,"0,21,118,153,180,246.5,273.3,299.4,347.4","0,67,109,143,217,295,315.5,353.7,422.7,470.7,519.9,552.29,580.29"
1,213,12,4,"12, 1, 2, 3, 8,10,16,17,18","4, 5, 6, 7, 9,11,13,14,15,19,20",1350,1650,90.58,97.258,1259.42,1552.742,3000,2812.162,1406.081,9,11,"0,21,118,171,213,285.5,352,378.8,404.9,452.9","0,42,76,93,135,155.5,193.7,262.7,310.7,359.9,392.29,486.29"
1,214,12,5,"12, 1, 2, 3, 4, 6, 7, 8,10,16,17,18","5, 9,11,13,14,15,19,20",1800,1200,125.38,69.458,1674.62,1130.542,3000,2805.162,1402.581,12,8,"0,21,118,171,238,310,327,387,459.5,526,552.8,578.9,626.9","0,12,32.5,70.7,139.7,187.7,236.9,269.29,347.29"
1,215,12,6,"12, 1, 2, 3, 4, 5, 9,16,17,18","6, 7, 8,10,11,13,14,15,19,20",1500,1500,85.38,100.578,1414.62,1399.422,3000,2814.042,1407.021,10,10,"0,21,118,171,238,280,292,326,352.8,378.9,426.9","0,17,77,149.5,209.1,247.3,316.3,364.3,413.5,445.89,502.89"
